Variant,Gene,U2OS_Z,P>|z|,[0.025,0.975],Coef.,Std.Err.
FGD4_Arg194His,FGD4,-1.447,0.148,0,0,0,0
SH3BP2_Pro418Arg,SH3BP2,10.102,0,0.002,0.004,0.003,0
PKP2_Leu394His,PKP2,1.494,0.135,0,0.001,0.001,0
BCL10_Leu8Leu,BCL10,-1.021,0.307,-0.003,0.001,-0.001,0.001
COMP_Cys348Arg,COMP,9.567,0,0.005,0.007,0.006,0.001
POMT1_Trp560Cys,POMT1,-43.519,0,-0.002,-0.002,-0.002,0
AGXT_Ser218Leu,AGXT,3.053,0.002,0.001,0.004,0.002,0.001
GLYCTK_Phe493Cys,GLYCTK,-3.711,0,-0.001,0,-0.001,0
HPRT1_Gly70Glu,HPRT1,-0.477,0.633,-0.002,0.001,0,0.001
AGXT_Ile202Asn,AGXT,-16.4,0,-0.014,-0.011,-0.012,0.001
CTRC_Gln178Arg,CTRC,-6.084,0,-0.001,-0.001,-0.001,0
PMP22_Cys109Arg,PMP22,-61.967,0,-0.028,-0.026,-0.027,0
CHN1_Glu313Lys,CHN1,4.499,0,0.001,0.003,0.002,0.001
TH_Glu250Gln,TH,-25.091,0,-0.015,-0.013,-0.014,0.001
TH_Arg202His,TH,-5.445,0,-0.004,-0.002,-0.003,0.001
KRT6A_Ile178Asn,KRT6A,11.769,0,0.001,0.002,0.002,0
KRT6A_Leu170Phe,KRT6A,9.003,0,0.001,0.001,0.001,0
CORO1A_Val397Ile,CORO1A,-6.268,0,-0.005,-0.003,-0.004,0.001
NFU1_Gly208Cys,NFU1,-2.371,0.018,0,0,0,0
DES_Thr445Ala,DES,-9.02,0,-0.002,-0.001,-0.001,0
CTRC_Arg37Gln,CTRC,-2.406,0.016,-0.001,0,0,0
HBD_Asp100Asn,HBD,-3.432,0.001,-0.002,-0.001,-0.001,0
MYOZ2_Gln10Pro,MYOZ2,-2.571,0.01,-0.001,0,-0.001,0
TH_Pro2Leu,TH,-6.13,0,-0.005,-0.003,-0.004,0.001
UBQLN2_Pro525Ser,UBQLN2,1.834,0.067,0,0.002,0.001,0.001
AGXT_Asp201Asn,AGXT,-14.092,0,-0.013,-0.01,-0.011,0.001
HBD_His147Arg,HBD,-3.654,0,-0.002,-0.001,-0.002,0
GRN_Cys105Arg,GRN,20.055,0,0.005,0.006,0.005,0
KRT2_Gly219Asp,KRT2,0.291,0.771,0,0,0,0
TAT_Arg119Trp,TAT,-47.735,0,-0.032,-0.029,-0.03,0.001
DCX_Lys50Asn,DCX,-4.305,0,-0.006,-0.002,-0.004,0.001
POMT1_Ser515Arg,POMT1,0.313,0.754,0,0,0,0
TTR_Lys146Arg,TTR,-11.462,0,-0.004,-0.003,-0.004,0
DOLK_Tyr441Ser,DOLK,1.242,0.214,0,0,0,0
EFHC1_Phe229Leu,EFHC1,-15.102,0,-0.022,-0.017,-0.019,0.001
STAR_Arg188Cys,STAR,2.695,0.007,0,0.001,0.001,0
KCTD7_Asp115Tyr,KCTD7,-10.894,0,-0.003,-0.002,-0.003,0
PNPO_Arg116Gln,PNPO,-9.649,0,-0.011,-0.007,-0.009,0.001
HPRT1_Gly140Asp,HPRT1,-9.046,0,-0.006,-0.004,-0.005,0.001
POMT1_Ala200Pro,POMT1,-14.822,0,-0.001,-0.001,-0.001,0
KRT6A_Glu472Lys,KRT6A,7.631,0,0.001,0.001,0.001,0
THAP1_Val193Ile,THAP1,0.189,0.85,0,0,0,0
GATA2_Pro41Ala,GATA2,-0.59,0.555,0,0,0,0
AGXT_Ala295Thr,AGXT,4.558,0,0.002,0.006,0.004,0.001
PYGL_Pro382Leu,PYGL,-13.426,0,-0.009,-0.007,-0.008,0.001
TH_Leu205Pro,TH,-5.101,0,-0.004,-0.002,-0.003,0.001
COMP_Arg718Pro,COMP,-37.396,0,-0.006,-0.006,-0.006,0
KCTD1_His74Pro,KCTD1,6.286,0,0.003,0.007,0.005,0.001
DCX_Arg89Gly,DCX,2.484,0.013,0.001,0.005,0.003,0.001
RP2_Cys86Tyr,RP2,-42.111,0,-0.014,-0.013,-0.013,0
EFHC1_Asp253Tyr,EFHC1,-15.726,0,-0.022,-0.017,-0.02,0.001
HBD_Gly26Asp,HBD,-17.243,0,-0.005,-0.004,-0.004,0
DES_Ser298Leu,DES,-4.664,0,-0.001,0,-0.001,0
DES_Leu136Pro,DES,0.06,0.953,0,0,0,0
PKP2_Leu360Pro,PKP2,3.948,0,0.001,0.003,0.002,0
PLA2G6_Thr585Ile,PLA2G6,3.953,0,0.001,0.002,0.001,0
HPRT1_Leu41Pro,HPRT1,-24.98,0,-0.014,-0.012,-0.013,0.001
NAA10_Arg195Cys,NAA10,-18.074,0,-0.003,-0.003,-0.003,0
MVK_Thr209Ala,MVK,-5.169,0,-0.007,-0.003,-0.005,0.001
GATA2_Cys373Arg,GATA2,2.751,0.006,0,0,0,0
MVK_Val80Ile,MVK,-1.151,0.25,-0.003,0.001,-0.001,0.001
CHN1_Ile126Met,CHN1,-2.983,0.003,-0.003,-0.001,-0.002,0.001
CTRC_Arg246Cys,CTRC,0.266,0.791,0,0,0,0
TAT_Leu273Pro,TAT,-49.291,0,-0.031,-0.029,-0.03,0.001
NMNAT1_Arg237Leu,NMNAT1,-10.288,0,0,0,0,0
DCX_Arg78Cys,DCX,-10.093,0,-0.01,-0.007,-0.009,0.001
PLA2G6_Val310Glu,PLA2G6,8.23,0,0.002,0.004,0.003,0
FXN_Gly130Val,FXN,-7.145,0,-0.005,-0.003,-0.004,0.001
ACSF3_Asp457Asn,ACSF3,-6.356,0,-0.002,-0.001,-0.002,0
FBP1_Asn273Ser,FBP1,-9.268,0,-0.014,-0.009,-0.012,0.001
COMP_Thr529Ile,COMP,4.988,0,0.001,0.002,0.002,0
PKP2_Arg413Gln,PKP2,5.664,0,0.002,0.004,0.003,0.001
HPRT1_Gly58Arg,HPRT1,-4.49,0,-0.004,-0.002,-0.003,0.001
ACSF3_Gly119Asp,ACSF3,-4.221,0,-0.003,-0.001,-0.002,0
HPRT1_Met143Lys,HPRT1,-14.423,0,-0.009,-0.007,-0.008,0.001
DES_Ala357Pro,DES,-12.023,0,-0.002,-0.001,-0.002,0
DES_Arg222His,DES,-10.262,0,-0.002,-0.001,-0.001,0
AGXT_Arg301Cys,AGXT,-4.058,0,-0.005,-0.002,-0.003,0.001
KRT2_Thr479Pro,KRT2,-11.896,0,-0.001,-0.001,-0.001,0
HPRT1_Gly71Arg,HPRT1,-4.308,0,-0.004,-0.001,-0.003,0.001
KRT6A_Val523Phe,KRT6A,6.434,0,0.001,0.001,0.001,0
FTH1_Lys54Arg,FTH1,1.911,0.056,0,0.004,0.002,0.001
KRT2_Glu488Lys,KRT2,-1.045,0.296,0,0,0,0
DES_Arg350Pro,DES,-13.994,0,-0.002,-0.002,-0.002,0
NCF2_Arg188Lys,NCF2,4.433,0,0.001,0.003,0.002,0
TH_Ile209Met,TH,-0.985,0.325,-0.002,0.001,-0.001,0.001
SFTPB_Ala280Thr,SFTPB,1.941,0.052,0,0.001,0,0
AGXT_Ile340Met,AGXT,5.64,0,0.003,0.006,0.004,0.001
FXN_Met1Ile,FXN,-14.677,0,-0.006,-0.005,-0.005,0
IER3IP1_Leu78Pro,IER3IP1,-18.559,0,-0.002,-0.001,-0.002,0
GSS_Pro314Leu,GSS,-10.092,0,-0.021,-0.014,-0.018,0.002
PGBD1_Ile678Val,PGBD1,-6.119,0,0,0,0,0
TTPA_Ala120Thr,TTPA,-8.872,0,-0.011,-0.007,-0.009,0.001
PKP2_Glu380Lys,PKP2,1.313,0.189,0,0.001,0,0
IL2RG_Arg285Gln,IL2RG,3.885,0,0,0,0,0
STAR_Arg182Leu,STAR,0.209,0.834,0,0,0,0
CLCNKA_Trp80Cys,CLCNKA,-2.604,0.009,0,0,0,0
KRT86_Asn114Asp,KRT86,-4.147,0,-0.001,0,-0.001,0
DCX_Met1Thr,DCX,5.218,0,0.005,0.011,0.008,0.002
MVK_His20Gln,MVK,-2.604,0.009,-0.004,-0.001,-0.002,0.001
AMPD2_Glu697Asp,AMPD2,-16.303,0,-0.003,-0.002,-0.003,0
CDC73_Met1Ile,CDC73,13.819,0,0,0,0,0
KCTD1_Ala30Glu,KCTD1,7.958,0,0.003,0.006,0.005,0.001
CRADD_Gly128Arg,CRADD,-23.429,0,-0.004,-0.003,-0.004,0
ACSF3_Ser431Tyr,ACSF3,-17.097,0,-0.003,-0.003,-0.003,0
LRRC6_Asp146His,LRRC6,-8.198,0,-0.003,-0.002,-0.002,0
AGXT_Ala210Pro,AGXT,1.096,0.273,-0.001,0.003,0.001,0.001
SIX1_Tyr129Cys,SIX1,1.371,0.17,0,0,0,0
LDHB_Arg172His,LDHB,8.969,0,0.007,0.011,0.009,0.001
MVK_Val377Ile,MVK,-0.061,0.951,-0.002,0.002,0,0.001
DES_Ala237Thr,DES,-7.882,0,-0.002,-0.001,-0.001,0
MIP_Val67Ile,MIP,-3.187,0.001,-0.001,0,-0.001,0
FA2H_Arg143Cys,FA2H,-11.065,0,-0.002,-0.001,-0.002,0
SMAD1_Val3Ala,SMAD1,-42.076,0,-0.004,-0.003,-0.003,0
MVK_Pro167Leu,MVK,-2.601,0.009,-0.004,-0.001,-0.003,0.001
GAMT_Asp219Asn,GAMT,4.602,0,0.004,0.011,0.008,0.002
ALAS2_Tyr549Phe,ALAS2,-2.965,0.003,0,0,0,0
AGXT_Arg381Lys,AGXT,5.502,0,0.003,0.007,0.005,0.001
GALE_Arg239Trp,GALE,13.934,0,0.021,0.027,0.024,0.002
DES_Asp343Asn,DES,-7.368,0,-0.002,-0.001,-0.001,0
ALAS2_Ser531Gly,ALAS2,-5.321,0,-0.001,0,0,0
PYGL_Ser675Thr,PYGL,-0.474,0.636,-0.002,0.001,0,0.001
TAT_Arg433Trp,TAT,-40.356,0,-0.031,-0.028,-0.03,0.001
UBQLN2_Pro506Thr,UBQLN2,-1.037,0.3,-0.002,0.001,-0.001,0.001
GALE_Asp103Gly,GALE,-1.708,0.088,-0.003,0,-0.002,0.001
TH_Gln39Glu,TH,-9.564,0,-0.009,-0.006,-0.008,0.001
NCF2_Asp93Glu,NCF2,5.935,0,0.002,0.003,0.002,0
KRT6A_Leu468Gln,KRT6A,-7.958,0,-0.001,-0.001,-0.001,0
MIP_Val107Ile,MIP,1.358,0.175,0,0.001,0,0
TTPA_Glu141Lys,TTPA,-17.789,0,-0.021,-0.017,-0.019,0.001
NEUROG3_Arg107Ser,NEUROG3,2.248,0.025,0,0,0,0
TUFM_Arg339Gln,TUFM,-3.362,0.001,-0.001,0,-0.001,0
COMP_His587Arg,COMP,2.342,0.019,0,0.001,0.001,0
SMN2_Gly287Arg,SMN2,22.867,0,0.007,0.009,0.008,0
PLA2G6_Glu567Lys,PLA2G6,7.711,0,0.002,0.003,0.003,0
PYGL_Asp629Tyr,PYGL,-5.194,0,-0.003,-0.002,-0.002,0
AGXT_Asn22Ser,AGXT,8.23,0,0.006,0.009,0.008,0.001
KCTD1_His33Gln,KCTD1,-6.744,0,-0.004,-0.002,-0.003,0
KRT86_Ala118Glu,KRT86,-5.671,0,-0.001,-0.001,-0.001,0
LDHB_Arg158Cys,LDHB,4.117,0,0.002,0.005,0.003,0.001
LIG4_Ala857Thr,LIG4,24.802,0,0,0,0,0
TH_Pro218Leu,TH,-10.279,0,-0.008,-0.006,-0.007,0.001
GYG1_Arg33Lys,GYG1,-3.498,0,-0.002,0,-0.001,0
DES_Ala397Thr,DES,-7.067,0,-0.001,-0.001,-0.001,0
GSS_Arg283Cys,GSS,-17.001,0,-0.03,-0.024,-0.027,0.002
NEUROG3_Gly167Arg,NEUROG3,-2.336,0.019,0,0,0,0
KRT6A_Ile462Asn,KRT6A,-3.991,0,-0.001,0,0,0
COMP_Asp271His,COMP,11.23,0,0.006,0.008,0.007,0.001
KCTD1_Gly62Asp,KCTD1,15.813,0,0.01,0.012,0.011,0.001
FBP1_Met289Leu,FBP1,2.241,0.025,0,0.006,0.003,0.001
ASNS_Ala6Glu,ASNS,-25.709,0,-0.007,-0.006,-0.006,0
RASA1_Glu70Gly,RASA1,4.855,0,0.001,0.002,0.001,0
NMNAT1_Asn273Asp,NMNAT1,1.762,0.078,0,0,0,0
TH_Ala226Thr,TH,-6.167,0,-0.005,-0.003,-0.004,0.001
NEXN_Tyr544Cys,NEXN,12.871,0,0.004,0.005,0.004,0
DES_Tyr331Asn,DES,-10.215,0,-0.002,-0.002,-0.002,0
COMP_His441Arg,COMP,-5.851,0,-0.004,-0.002,-0.003,0.001
CREB1_Asp116Gly,CREB1,-0.447,0.655,0,0,0,0
EIF2B4_Arg306Gly,EIF2B4,-2.223,0.026,-0.001,0,-0.001,0
MYOZ2_Ser48Pro,MYOZ2,-6.163,0,-0.002,-0.001,-0.001,0
COMP_Thr585Met,COMP,3.818,0,0.001,0.002,0.002,0
THAP1_His23Pro,THAP1,-13.668,0,-0.001,0,0,0
DES_Glu413Lys,DES,5.265,0,0.001,0.001,0.001,0
HPRT1_His204Asp,HPRT1,-10.447,0,-0.009,-0.006,-0.007,0.001
KCTD1_His33Pro,KCTD1,13.91,0,0.007,0.01,0.009,0.001
GRN_Ala324Thr,GRN,1.124,0.261,0,0.001,0,0
COMP_Ala171Thr,COMP,-22.646,0,-0.006,-0.005,-0.006,0
AGXT_Arg118Cys,AGXT,-2.277,0.023,-0.003,0,-0.002,0.001
SMAD3_Ile87Thr,SMAD3,7.557,0,0.002,0.003,0.003,0
HBD_Asn58Lys,HBD,-4.117,0,-0.002,-0.001,-0.002,0
AGXT_Met49Leu,AGXT,-5.726,0,-0.006,-0.003,-0.005,0.001
AGXT_Gly161Arg,AGXT,-17.529,0,-0.014,-0.011,-0.013,0.001
SUCLA2_Pro230Ser,SUCLA2,4.275,0,0,0,0,0
ACSF3_Thr358Ile,ACSF3,-7.246,0,-0.002,-0.001,-0.001,0
PMP22_Arg157Trp,PMP22,-7.652,0,-0.006,-0.003,-0.005,0.001
NMNAT1_Ser255Asn,NMNAT1,-3.091,0.002,0,0,0,0
UBQLN2_Pro497Ser,UBQLN2,-4.182,0,-0.004,-0.001,-0.002,0.001
HBD_Glu27Asp,HBD,-0.248,0.804,-0.001,0.001,0,0
MVK_Pro200Ser,MVK,-0.747,0.455,-0.002,0.001,-0.001,0.001
EFHC1_Cys259Tyr,EFHC1,-17.014,0,-0.021,-0.017,-0.019,0.001
HBD_Leu142Pro,HBD,-5.903,0,-0.003,-0.001,-0.002,0
MVK_Pro165Leu,MVK,3.992,0,0.002,0.006,0.004,0.001
GYG1_Ala16Thr,GYG1,-8.043,0,-0.003,-0.002,-0.003,0
KRT86_Asn114His,KRT86,-11.202,0,-0.002,-0.001,-0.002,0
SFTPC_Leu188Gln,SFTPC,16.307,0,0.011,0.015,0.013,0.001
PKP2_Met365Ile,PKP2,-0.315,0.753,-0.001,0,0,0
HBD_Asn13Lys,HBD,-2.5,0.012,-0.002,0,-0.001,0
KCTD7_Asn273Ile,KCTD7,16.564,0,0.02,0.026,0.023,0.001
SH3BP2_Arg415Gln,SH3BP2,7.196,0,0.002,0.003,0.002,0
TH_Thr7Pro,TH,-2.581,0.01,-0.004,0,-0.002,0.001
WRAP53_Arg398Trp,WRAP53,-4.479,0,-0.001,-0.001,-0.001,0
TH_Pro454His,TH,-6.275,0,-0.004,-0.002,-0.003,0.001
HPRT1_Asp194Glu,HPRT1,-12.407,0,-0.008,-0.006,-0.007,0.001
GRN_Thr182Met,GRN,4.683,0,0.001,0.002,0.001,0
TTR_Gly26Ser,TTR,-5.328,0,-0.002,-0.001,-0.001,0
PMP22_Leu16Pro,PMP22,-31.517,0,-0.016,-0.014,-0.015,0
DCX_Arg78His,DCX,3.811,0,0.002,0.007,0.005,0.001
KRT4_Glu449Lys,KRT4,-12.726,0,-0.003,-0.002,-0.003,0
PKP2_Met365Val,PKP2,1.932,0.053,0,0.001,0.001,0
IL2RG_Trp237Arg,IL2RG,12.86,0,0.001,0.001,0.001,0
PDGFRB_Pro660Thr,PDGFRB,0.889,0.374,0,0,0,0
TH_Val468Met,TH,-6.257,0,-0.005,-0.003,-0.004,0.001
DES_Arg355Pro,DES,-18.701,0,-0.003,-0.002,-0.003,0
DCX_Pro191Arg,DCX,-13.611,0,-0.014,-0.01,-0.012,0.001
TH_Arg89Arg,TH,-0.373,0.709,-0.002,0.001,0,0.001
NCF2_Gly44Arg,NCF2,-10.173,0,-0.003,-0.002,-0.003,0
PMP22_Arg157Gly,PMP22,-12.533,0,-0.008,-0.006,-0.007,0.001
MVK_Val5Ala,MVK,1.133,0.257,-0.001,0.003,0.001,0.001
KCTD1_Val248Ile,KCTD1,3.954,0,0.001,0.003,0.002,0
TH_Glu27Asp,TH,3.173,0.002,0.001,0.004,0.002,0.001
PKP2_Arg101His,PKP2,9.821,0,0.009,0.013,0.011,0.001
NCF2_Asn419Ile,NCF2,2.7,0.007,0,0.002,0.001,0
COMP_Asp319Val,COMP,11.32,0,0.005,0.007,0.006,0.001
PKP2_Ser571Thr,PKP2,3.687,0,0.001,0.002,0.001,0
NEXN_Arg171Cys,NEXN,7.779,0,0.002,0.004,0.003,0
ACSF3_Arg558Trp,ACSF3,-6.812,0,-0.002,-0.001,-0.002,0
KRT6A_Asn171Thr,KRT6A,-1.942,0.052,0,0,0,0
TH_Pro121Leu,TH,-25.802,0,-0.015,-0.013,-0.014,0.001
AGXT_Asp129His,AGXT,0.468,0.64,-0.001,0.002,0,0.001
PKP2_Lys724Thr,PKP2,5.184,0,0.001,0.002,0.002,0
DES_Leu274Pro,DES,4.016,0,0,0.001,0.001,0
IL2RG_Ser108Pro,IL2RG,13.86,0,0.001,0.001,0.001,0
RAD51D_Glu233Gly,RAD51D,-10.816,0,-0.003,-0.002,-0.002,0
GMPPB_Pro22Ser,GMPPB,-10.479,0,-0.016,-0.011,-0.014,0.001
THAP1_Lys89Arg,THAP1,-4.615,0,0,0,0,0
NCF2_Val297Ala,NCF2,8.711,0,0.003,0.004,0.003,0
PYGL_Tyr821His,PYGL,-17.878,0,-0.007,-0.006,-0.006,0
KRT6A_Asn171Asp,KRT6A,9.394,0,0.001,0.002,0.001,0
KRT6A_Asn171Ser,KRT6A,4.909,0,0,0.001,0.001,0
KRT86_Glu413Lys,KRT86,-12.27,0,-0.002,-0.001,-0.002,0
DES_Arg212Gln,DES,-11.556,0,-0.002,-0.002,-0.002,0
COMP_Asp511Glu,COMP,1.518,0.129,0,0.001,0.001,0
PGBD1_Gln248Glu,PGBD1,-2.355,0.019,0,0,0,0
HPRT1_Asp177Tyr,HPRT1,-19.547,0,-0.011,-0.009,-0.01,0.001
MVK_Asn205Asp,MVK,-10.218,0,-0.01,-0.006,-0.008,0.001
TTPA_Asp64Gly,TTPA,-14.014,0,-0.016,-0.012,-0.014,0.001
DCX_Ala71Ser,DCX,2.245,0.025,0,0.005,0.002,0.001
POMT1_Ala647Thr,POMT1,-4.768,0,0,0,0,0
KLHL3_Glu85Ala,KLHL3,-3.751,0,-0.017,-0.005,-0.011,0.003
EFHC1_Ile174Val,EFHC1,-17.445,0,-0.02,-0.016,-0.018,0.001
DCX_Tyr125His,DCX,-21.426,0,-0.021,-0.017,-0.019,0.001
AGXT_Ile279Met,AGXT,-28.214,0,-0.018,-0.016,-0.017,0.001
LDHB_Trp325Arg,LDHB,10.79,0,0.009,0.013,0.011,0.001
TTR_Asp119Asn,TTR,-14.872,0,-0.005,-0.004,-0.004,0
DES_Tyr122Asp,DES,2.701,0.007,0,0.001,0.001,0
GAMT_Ala196Val,GAMT,-0.674,0.5,-0.004,0.002,-0.001,0.001
PYGL_Leu739Met,PYGL,-10.844,0,-0.006,-0.004,-0.005,0
KCTD7_Arg184Cys,KCTD7,-4.803,0,-0.002,-0.001,-0.002,0
GCM2_Gly63Ser,GCM2,-8.771,0,0,0,0,0
PMP22_Asp37Val,PMP22,-57.915,0,-0.036,-0.034,-0.035,0.001
PMP22_His51Arg,PMP22,1.756,0.079,0,0.002,0.001,0.001
AGXT_Ala248Val,AGXT,-1.166,0.244,-0.003,0.001,-0.001,0.001
DES_Val126Leu,DES,11.32,0,0.002,0.003,0.002,0
KRT6A_Ser176Pro,KRT6A,2.192,0.028,0,0.001,0,0
KRT2_Asn186Tyr,KRT2,-6.205,0,0,0,0,0
GLYCTK_Thr394Ile,GLYCTK,-4.956,0,-0.001,-0.001,-0.001,0
POMT1_Thr392Met,POMT1,-3.219,0.001,0,0,0,0
SDC3_Val136Ile,SDC3,2.44,0.015,0,0.001,0,0
FA2H_Arg62Cys,FA2H,-9.674,0,-0.001,-0.001,-0.001,0
AGXT_Arg111Gln,AGXT,6.076,0,0.004,0.007,0.005,0.001
PYGL_Asn632Ile,PYGL,-22.581,0,-0.01,-0.008,-0.009,0
PYGL_Asn339Ser,PYGL,8.039,0,0.004,0.006,0.005,0.001
DES_Leu345Pro,DES,-10.613,0,-0.002,-0.002,-0.002,0
GCM2_Gly203Ser,GCM2,-8.906,0,0,0,0,0
RAB33B_Lys46Gln,RAB33B,4.38,0,0,0.001,0.001,0
DES_Asn342Asp,DES,-17.176,0,-0.003,-0.002,-0.003,0
ALAS2_Arg374Cys,ALAS2,3.951,0,0,0.001,0,0
HPRT1_Arg45Lys,HPRT1,-22.355,0,-0.014,-0.011,-0.013,0.001
HPRT1_Phe74Leu,HPRT1,-24.852,0,-0.013,-0.011,-0.012,0
SNIP1_Arg116Gln,SNIP1,-2.451,0.014,0,0,0,0
SH3BP2_Pro418His,SH3BP2,10.065,0,0.002,0.004,0.003,0
CHN1_Pro252Ser,CHN1,-5.134,0,-0.004,-0.002,-0.003,0.001
EMD_Met1Val,EMD,12.208,0,0.003,0.004,0.003,0
PDGFRB_Leu658Pro,PDGFRB,2.511,0.012,0,0,0,0
DES_His441Leu,DES,-8.248,0,-0.001,-0.001,-0.001,0
DES_Arg278Pro,DES,10.284,0,0.001,0.002,0.002,0
DCX_Arg196Cys,DCX,1.504,0.132,-0.001,0.004,0.002,0.001
AGXT_Gly41Glu,AGXT,-1.648,0.099,-0.003,0,-0.001,0.001
AGXT_Pro11Leu,AGXT,-3.313,0.001,-0.004,-0.001,-0.003,0.001
EIF2B4_Ala391Asp,EIF2B4,-13.22,0,-0.004,-0.003,-0.003,0
SNIP1_Glu366Gly,SNIP1,8.435,0,0,0.001,0.001,0
KRT6A_Glu461Lys,KRT6A,6.953,0,0.001,0.001,0.001,0
ALAS2_Phe128Leu,ALAS2,0.699,0.485,0,0,0,0
TH_Gln381Lys,TH,-4.265,0,-0.004,-0.001,-0.003,0.001
DCX_Ile214Thr,DCX,-11.473,0,-0.011,-0.007,-0.009,0.001
MVK_Pro286Leu,MVK,10.69,0,0.011,0.016,0.014,0.001
FA2H_Phe144Ser,FA2H,-8.85,0,-0.002,-0.001,-0.001,0
COMP_Asn555Lys,COMP,0.747,0.455,0,0.001,0,0
KLHL3_Cys164Phe,KLHL3,-16.12,0,-0.056,-0.044,-0.05,0.003
RP2_Arg118His,RP2,4.693,0,0.001,0.003,0.002,0
AGXT_Gly41Arg,AGXT,5.794,0,0.003,0.006,0.005,0.001
GALE_Lys257Arg,GALE,-7.234,0,-0.007,-0.004,-0.005,0.001
MVK_Tyr116His,MVK,-13.198,0,-0.012,-0.009,-0.01,0.001
HBD_Leu76Val,HBD,-1.387,0.165,-0.001,0,-0.001,0
AGXT_Arg197Gln,AGXT,-6.184,0,-0.006,-0.003,-0.005,0.001
COMP_Asp605Asn,COMP,10.293,0,0.003,0.004,0.003,0
PKP2_Asn513Asp,PKP2,4.079,0,0.001,0.002,0.001,0
MVK_Val250Ile,MVK,6.72,0,0.006,0.011,0.008,0.001
KRT6A_Arg164Pro,KRT6A,11.355,0,0.001,0.002,0.002,0
DCX_Arg102Cys,DCX,-8.135,0,-0.008,-0.005,-0.007,0.001
AGXT_Gly82Arg,AGXT,-0.797,0.425,-0.002,0.001,-0.001,0.001
SFTPC_Val39Leu,SFTPC,6.054,0,0.003,0.006,0.004,0.001
PLA2G6_Arg600Gln,PLA2G6,7.846,0,0.001,0.002,0.002,0
CHN1_Tyr143His,CHN1,-4.27,0,-0.003,-0.001,-0.002,0
RP2_Arg282Trp,RP2,6.381,0,0.002,0.003,0.002,0
DES_His243Tyr,DES,-9.703,0,-0.002,-0.001,-0.001,0
PMP22_Ala135Thr,PMP22,-3.095,0.002,-0.003,-0.001,-0.002,0.001
AGXT_Gly161Ser,AGXT,0.565,0.572,-0.001,0.002,0,0.001
GALE_Leu313Met,GALE,11.876,0,0.015,0.022,0.018,0.002
RP2_Arg118Leu,RP2,-30.619,0,-0.01,-0.009,-0.009,0
TTPA_Gly246Arg,TTPA,-19.641,0,-0.026,-0.021,-0.023,0.001
KLHL3_Ala77Glu,KLHL3,-3.642,0,-0.017,-0.005,-0.011,0.003
PYGL_Thr59Met,PYGL,3.312,0.001,0.001,0.003,0.002,0.001
PKP2_Gly68Ser,PKP2,1.761,0.078,0,0.001,0.001,0
PMP22_Leu80Pro,PMP22,-32.985,0,-0.018,-0.016,-0.017,0.001
TH_Asp267His,TH,-6.316,0,-0.004,-0.002,-0.003,0.001
PGBD1_His806Asp,PGBD1,-5.289,0,0,0,0,0
MVK_His20Pro,MVK,4.166,0,0.002,0.007,0.005,0.001
EFHC1_Asp210Asn,EFHC1,-16.934,0,-0.022,-0.017,-0.02,0.001
HPRT1_Asp80Val,HPRT1,-14.117,0,-0.008,-0.006,-0.007,0.001
DES_Gly20Arg,DES,-7.212,0,-0.001,-0.001,-0.001,0
AGXT_Ser187Phe,AGXT,-15.159,0,-0.012,-0.01,-0.011,0.001
FBP1_Arg218Lys,FBP1,-10.586,0,-0.015,-0.01,-0.012,0.001
XRCC2_Phe270Val,XRCC2,-5.104,0,-0.001,0,0,0
AGXT_Ala280Val,AGXT,-3.791,0,-0.005,-0.001,-0.003,0.001
IRAK4_Ala428Thr,IRAK4,5.342,0,0,0,0,0
DES_Gly84Ser,DES,-4.873,0,-0.001,0,-0.001,0
PYGL_Val456Met,PYGL,-5.077,0,-0.003,-0.002,-0.002,0
AGXT_Met195Leu,AGXT,-5.081,0,-0.005,-0.002,-0.004,0.001
AGXT_Ser221Pro,AGXT,-15.024,0,-0.012,-0.009,-0.01,0.001
DES_Thr453Ile,DES,-3.593,0,-0.002,-0.001,-0.001,0
DES_Thr219Ile,DES,-0.179,0.858,-0.001,0.001,0,0
UBQLN2_Pro509Ser,UBQLN2,3.207,0.001,0.001,0.003,0.002,0.001
MVK_Ser52Asn,MVK,8.84,0,0.009,0.015,0.012,0.001
HPRT1_Asp201Gly,HPRT1,-4.088,0,-0.004,-0.001,-0.003,0.001
GSS_Arg125Cys,GSS,-2.215,0.027,-0.007,0,-0.004,0.002
TH_Arg133His,TH,1.231,0.218,-0.001,0.002,0.001,0.001
MVK_Val293Met,MVK,6.642,0,0.005,0.01,0.008,0.001
NEUROG3_Phe199Ser,NEUROG3,-5.165,0,0,0,0,0
COMP_Gly207Asp,COMP,-4.482,0,-0.002,-0.001,-0.001,0
KRT6A_Leu468Pro,KRT6A,-8.049,0,-0.001,-0.001,-0.001,0
GMPPB_Pro32Leu,GMPPB,-7.568,0,-0.01,-0.006,-0.008,0.001
DES_Ala135Val,DES,-1.578,0.114,-0.001,0,-0.001,0
KRT6A_Gln166Pro,KRT6A,-1.822,0.068,-0.001,0,0,0
PRKAR1A_Arg74His,PRKAR1A,-1.878,0.06,-0.002,0,-0.001,0
AGXT_Lys12Arg,AGXT,-1.43,0.153,-0.003,0,-0.001,0.001
AGXT_Leu298Pro,AGXT,-17.232,0,-0.014,-0.011,-0.012,0.001
NMNAT1_Leu153Val,NMNAT1,-2.485,0.013,0,0,0,0
ACSF3_Met266Val,ACSF3,-5.573,0,-0.002,-0.001,-0.002,0
PYGL_Lys681Thr,PYGL,-21.035,0,-0.009,-0.008,-0.009,0
DES_Asp312Ala,DES,-5.403,0,-0.001,-0.001,-0.001,0
SFTPC_Leu194Pro,SFTPC,16.197,0,0.012,0.016,0.014,0.001
DCX_Ser129Leu,DCX,-17.583,0,-0.021,-0.017,-0.019,0.001
HBD_Leu89Val,HBD,1.358,0.175,0,0.002,0.001,0.001
AIPL1_Arg302Leu,AIPL1,-12.711,0,-0.023,-0.017,-0.02,0.002
DCX_Thr203Arg,DCX,-8.318,0,-0.009,-0.006,-0.007,0.001
LIG4_Thr9Ile,LIG4,23.514,0,0,0,0,0
HBD_Pro37His,HBD,0.532,0.595,-0.001,0.001,0,0
FBP1_Asn213Lys,FBP1,2.867,0.004,0.001,0.006,0.004,0.001
HBD_Glu44Gly,HBD,-2.562,0.01,-0.002,0,-0.001,0
DCX_Arg186His,DCX,5.169,0,0.004,0.009,0.006,0.001
SFTPC_His59Arg,SFTPC,-14.018,0,-0.01,-0.007,-0.009,0.001
DES_Leu338Arg,DES,-14.58,0,-0.002,-0.002,-0.002,0
NMNAT1_Arg207Trp,NMNAT1,1.444,0.149,0,0,0,0
DES_Gln131Lys,DES,-10.643,0,-0.002,-0.001,-0.002,0
HPRT1_Ser104Arg,HPRT1,-3.476,0.001,-0.003,-0.001,-0.002,0.001
ORC6_Tyr232Ser,ORC6,-5.783,0,-0.003,-0.002,-0.002,0
DES_Arg37Trp,DES,-7.129,0,-0.001,-0.001,-0.001,0
PYGL_Asp634His,PYGL,-18.741,0,-0.009,-0.008,-0.009,0
SDC3_Asp231Asn,SDC3,-1.323,0.186,0,0,0,0
COMP_Thr585Lys,COMP,6.389,0,0.002,0.003,0.003,0
HBD_Arg117His,HBD,-0.874,0.382,-0.001,0,0,0
TH_Cys328Phe,TH,-5.183,0,-0.004,-0.002,-0.003,0.001
THAP1_Lys24Glu,THAP1,-4.335,0,0,0,0,0
MAP2K2_Thr17Ala,MAP2K2,-6.414,0,-0.013,-0.007,-0.01,0.002
GMPPB_Asp27His,GMPPB,-7.345,0,-0.009,-0.005,-0.007,0.001
TTPA_Arg192His,TTPA,-5.086,0,-0.008,-0.004,-0.006,0.001
MVK_Asp386Asn,MVK,2.421,0.015,0,0.004,0.002,0.001
TPK1_Asn50His,TPK1,11.598,0,0.012,0.017,0.015,0.001
DES_Arg227Cys,DES,-8.253,0,-0.002,-0.001,-0.001,0
AGXT_Gly116Arg,AGXT,-14.004,0,-0.013,-0.01,-0.011,0.001
MVK_Ile268Val,MVK,9.312,0,0.01,0.016,0.013,0.001
UROD_Gly318Arg,UROD,-11.586,0,-0.008,-0.006,-0.007,0.001
PLA2G6_Arg538Cys,PLA2G6,8.135,0,0.002,0.003,0.002,0
ALAS2_Ala135Thr,ALAS2,-2.719,0.007,0,0,0,0
KRT8_Arg454Cys,KRT8,-17.225,0,-0.023,-0.019,-0.021,0.001
MVK_Arg388Gln,MVK,7.425,0,0.007,0.011,0.009,0.001
TEAD2_Pro213Ser,TEAD2,1.318,0.187,0,0,0,0
TH_Ile219Thr,TH,-6.063,0,-0.004,-0.002,-0.003,0.001
MVK_Cys101Tyr,MVK,5.673,0,0.004,0.008,0.006,0.001
HPRT1_Asp194Asn,HPRT1,-7.855,0,-0.006,-0.004,-0.005,0.001
NCF2_Asp108Val,NCF2,-7.773,0,-0.003,-0.002,-0.002,0
SFTPC_Ala116Asp,SFTPC,14.645,0,0.01,0.013,0.012,0.001
PNPO_Arg95Cys,PNPO,-11.511,0,-0.012,-0.009,-0.01,0.001
PGBD1_Pro256Leu,PGBD1,1.824,0.068,0,0,0,0
DCX_Ala251Ser,DCX,-4.221,0,-0.006,-0.002,-0.004,0.001
KRT6A_Thr552Ser,KRT6A,2.442,0.015,0,0,0,0
XPA_Cys108Phe,XPA,5.032,0,0,0,0,0
TAT_Pro220Ser,TAT,-30.937,0,-0.022,-0.019,-0.021,0.001
MVK_Arg106His,MVK,6.276,0,0.005,0.01,0.008,0.001
DES_Ser424Phe,DES,-1.438,0.15,-0.001,0,-0.001,0
COMP_Asp408His,COMP,11.028,0,0.004,0.006,0.005,0
DCX_Arg59His,DCX,-14.346,0,-0.014,-0.011,-0.012,0.001
DES_Pro433Thr,DES,1.047,0.295,-0.001,0.002,0.001,0.001
EFHC1_Met448Thr,EFHC1,-12.223,0,-0.024,-0.017,-0.021,0.002
KLHL3_Met78Val,KLHL3,-10.024,0,-0.034,-0.023,-0.028,0.003
THAP1_Gly9Cys,THAP1,-9.422,0,0,0,0,0
AGXT_Phe152Ile,AGXT,7.729,0,0.005,0.009,0.007,0.001
DES_Arg127Pro,DES,2.888,0.004,0.001,0.003,0.002,0.001
AGXT_Pro11His,AGXT,4.979,0,0.003,0.006,0.005,0.001
HPRT1_Ala161Ser,HPRT1,-13.352,0,-0.008,-0.006,-0.007,0.001
SNIP1_Ala174Val,SNIP1,-0.005,0.996,0,0,0,0
DES_Gly44Ser,DES,-8.643,0,-0.002,-0.001,-0.001,0
SH3BP2_Pro418Leu,SH3BP2,3.102,0.002,0,0.002,0.001,0
TH_Arg306His,TH,-4.707,0,-0.004,-0.002,-0.003,0.001
COMP_Asn523Lys,COMP,-27.29,0,-0.006,-0.005,-0.006,0
DES_Met349Ile,DES,-3.177,0.001,-0.001,0,0,0
RP2_Leu253Arg,RP2,-39.973,0,-0.014,-0.013,-0.013,0
KCTD7_Arg94Trp,KCTD7,-8.418,0,-0.003,-0.002,-0.002,0
AIPL1_Thr114Ile,AIPL1,1.199,0.231,-0.002,0.006,0.002,0.002
ACSF3_Pro243Leu,ACSF3,-8.229,0,-0.002,-0.001,-0.002,0
EIF2B4_Ala228Val,EIF2B4,-50.387,0,-0.007,-0.006,-0.007,0
LRRC6_Ala74Pro,LRRC6,-8.135,0,-0.003,-0.002,-0.002,0
FXN_Trp173Gly,FXN,-7.396,0,-0.006,-0.003,-0.004,0.001
SFTPC_Glu66Lys,SFTPC,4.826,0,0.002,0.004,0.003,0.001
MVK_Val278Met,MVK,0.982,0.326,-0.001,0.003,0.001,0.001
DES_Ala337Pro,DES,-28.53,0,-0.003,-0.003,-0.003,0
SIX1_Val106Gly,SIX1,-1.248,0.212,0,0,0,0
SFTPC_Val48Met,SFTPC,4.112,0,0.001,0.004,0.003,0.001
NCF2_Ala140Asp,NCF2,-10.969,0,-0.004,-0.003,-0.003,0
POLR1C_Arg279Trp,POLR1C,-0.999,0.318,-0.002,0.001,-0.001,0.001
DES_Arg16Cys,DES,-4.076,0,-0.001,0,-0.001,0
MVK_Leu255Pro,MVK,-20.771,0,-0.017,-0.014,-0.016,0.001
MVK_Ala148Thr,MVK,7.362,0,0.007,0.011,0.009,0.001
AIPL1_Met79Thr,AIPL1,-11.813,0,-0.021,-0.015,-0.018,0.002
AGXT_Ala186Val,AGXT,-10.332,0,-0.009,-0.006,-0.008,0.001
DES_Ala213Val,DES,-8.057,0,-0.002,-0.001,-0.001,0
TH_Val136Met,TH,1.873,0.061,0,0.003,0.001,0.001
FBP1_Phe194Ser,FBP1,-17.831,0,-0.025,-0.02,-0.023,0.001
FADD_Cys105Trp,FADD,3.671,0,0,0.001,0.001,0
NCF2_Asn448Asp,NCF2,8.86,0,0.003,0.004,0.003,0
STAR_Arg182His,STAR,-3.397,0.001,-0.001,0,-0.001,0
HBD_Arg105Ser,HBD,-3.18,0.001,-0.002,0,-0.001,0
DES_Gln389Pro,DES,-17.008,0,-0.003,-0.002,-0.002,0
ACSF3_Arg471Trp,ACSF3,-8.869,0,-0.002,-0.001,-0.002,0
MVK_Ile119Met,MVK,-2.754,0.006,-0.004,-0.001,-0.003,0.001
POLR1C_Arg279Gln,POLR1C,-6.496,0,-0.004,-0.002,-0.003,0
DES_Pro419Ser,DES,-6.382,0,-0.002,-0.001,-0.001,0
IL2RG_Tyr89Cys,IL2RG,29.703,0,0.009,0.01,0.01,0
COMP_Thr585Arg,COMP,2.917,0.004,0,0.002,0.001,0
DCX_Lys174Glu,DCX,10.747,0,0.014,0.02,0.017,0.002
PNPO_Arg95His,PNPO,-12.884,0,-0.013,-0.009,-0.011,0.001
PSAP_Met76Lys,PSAP,-7.075,0,-0.001,0,-0.001,0
MYOZ2_Ile246Met,MYOZ2,-6.457,0,-0.002,-0.001,-0.001,0
DES_Arg150Gln,DES,-6.252,0,-0.001,-0.001,-0.001,0
SH3BP2_Gly420Glu,SH3BP2,-22.545,0,-0.004,-0.003,-0.004,0
DES_Val56Leu,DES,-11.171,0,-0.002,-0.002,-0.002,0
SFTPC_Ile73Thr,SFTPC,48.58,0,0.047,0.051,0.049,0.001
HPRT1_Pro176Leu,HPRT1,-10.033,0,-0.007,-0.004,-0.005,0.001
PLA2G6_Leu481Gln,PLA2G6,2.356,0.018,0,0.002,0.001,0
PYGL_Glu673Lys,PYGL,-13.459,0,-0.005,-0.004,-0.005,0
TTPA_His101Gln,TTPA,-4.003,0,-0.007,-0.002,-0.004,0.001
HPRT1_Ile132Met,HPRT1,-5.937,0,-0.005,-0.002,-0.004,0.001
DES_Ser46Tyr,DES,-6.529,0,-0.001,-0.001,-0.001,0
KRT8_Gly434Ser,KRT8,-12.678,0,-0.019,-0.014,-0.016,0.001
TUFM_Gly149Ser,TUFM,-6.278,0,-0.003,-0.001,-0.002,0
LDHB_Lys7Glu,LDHB,5.36,0,0.003,0.006,0.004,0.001
MVK_Leu41Pro,MVK,-25.182,0,-0.019,-0.016,-0.018,0.001
DCX_Thr203Ala,DCX,-6.396,0,-0.008,-0.004,-0.006,0.001
STAR_Val187Met,STAR,5.29,0,0.001,0.002,0.001,0
AGXT_Pro10Ala,AGXT,12.856,0,0.013,0.018,0.016,0.001