Coef.,Std.Err.,U2OS_Z,P>|z|,[0.025,0.975],Gene,Variant
-0.001,0.0,-11.896,0.0,-0.001,-0.001,KRT2,KRT2_Thr479Pro
-0.001,0.0,-9.674,0.0,-0.001,-0.001,FA2H,FA2H_Arg62Cys
-0.008,0.001,-14.423,0.0,-0.009,-0.007,HPRT1,HPRT1_Met143Lys
0.001,0.001,1.047,0.295,-0.001,0.002,DES,DES_Pro433Thr
-0.0,0.001,-0.474,0.636,-0.002,0.001,PYGL,PYGL_Ser675Thr
-0.001,0.0,-5.403,0.0,-0.001,-0.001,DES,DES_Asp312Ala
-0.008,0.001,-9.564,0.0,-0.009,-0.006,TH,TH_Gln39Glu
-0.011,0.001,-14.004,0.0,-0.013,-0.01,AGXT,AGXT_Gly116Arg
-0.001,0.0,-6.382,0.0,-0.002,-0.001,DES,DES_Pro419Ser
0.012,0.001,8.84,0.0,0.009,0.015,MVK,MVK_Ser52Asn
-0.0,0.0,-0.315,0.753,-0.001,0.0,PKP2,PKP2_Met365Ile
-0.019,0.001,-17.789,0.0,-0.021,-0.017,TTPA,TTPA_Glu141Lys
-0.023,0.001,-19.641,0.0,-0.026,-0.021,TTPA,TTPA_Gly246Arg
0.003,0.001,4.826,0.0,0.002,0.004,SFTPC,SFTPC_Glu66Lys
-0.005,0.001,-6.184,0.0,-0.006,-0.003,AGXT,AGXT_Arg197Gln
-0.012,0.0,-24.852,0.0,-0.013,-0.011,HPRT1,HPRT1_Phe74Leu
-0.003,0.001,-2.754,0.006,-0.004,-0.001,MVK,MVK_Ile119Met
-0.0,0.0,-8.771,0.0,-0.0,-0.0,GCM2,GCM2_Gly63Ser
0.01,0.0,29.703,0.0,0.009,0.01,IL2RG,IL2RG_Tyr89Cys
-0.002,0.0,-6.356,0.0,-0.002,-0.001,ACSF3,ACSF3_Asp457Asn
-0.001,0.0,-4.664,0.0,-0.001,-0.0,DES,DES_Ser298Leu
-0.006,0.0,-27.29,0.0,-0.006,-0.005,COMP,COMP_Asn523Lys
0.004,0.0,12.871,0.0,0.004,0.005,NEXN,NEXN_Tyr544Cys
-0.001,0.0,-8.049,0.0,-0.001,-0.001,KRT6A,KRT6A_Leu468Pro
-0.002,0.001,-1.708,0.088,-0.003,0.0,GALE,GALE_Asp103Gly
-0.003,0.001,-4.49,0.0,-0.004,-0.002,HPRT1,HPRT1_Gly58Arg
-0.005,0.0,-14.677,0.0,-0.006,-0.005,FXN,FXN_Met1Ile
-0.001,0.001,-0.797,0.425,-0.002,0.001,AGXT,AGXT_Gly82Arg
-0.0,0.0,-3.177,0.001,-0.001,-0.0,DES,DES_Met349Ile
-0.001,0.0,-6.252,0.0,-0.001,-0.001,DES,DES_Arg150Gln
-0.001,0.0,-1.878,0.06,-0.002,0.0,PRKAR1A,PRKAR1A_Arg74His
-0.021,0.001,-30.937,0.0,-0.022,-0.019,TAT,TAT_Pro220Ser
-0.018,0.001,-25.182,0.0,-0.019,-0.016,MVK,MVK_Leu41Pro
-0.002,0.0,-4.27,0.0,-0.003,-0.001,CHN1,CHN1_Tyr143His
-0.003,0.001,-4.308,0.0,-0.004,-0.001,HPRT1,HPRT1_Gly71Arg
0.0,0.0,0.209,0.834,-0.0,0.0,STAR,STAR_Arg182Leu
-0.0,0.0,-2.604,0.009,-0.0,-0.0,CLCNKA,CLCNKA_Trp80Cys
0.005,0.0,11.028,0.0,0.004,0.006,COMP,COMP_Asp408His
0.0,0.0,2.442,0.015,0.0,0.0,KRT6A,KRT6A_Thr552Ser
0.008,0.002,5.218,0.0,0.005,0.011,DCX,DCX_Met1Thr
-0.002,0.0,-7.773,0.0,-0.003,-0.002,NCF2,NCF2_Asp108Val
-0.018,0.002,-10.092,0.0,-0.021,-0.014,GSS,GSS_Pro314Leu
-0.002,0.0,-6.278,0.0,-0.003,-0.001,TUFM,TUFM_Gly149Ser
-0.003,0.001,-6.275,0.0,-0.004,-0.002,TH,TH_Pro454His
-0.021,0.002,-12.223,0.0,-0.024,-0.017,EFHC1,EFHC1_Met448Thr
-0.001,0.0,-7.246,0.0,-0.002,-0.001,ACSF3,ACSF3_Thr358Ile
0.0,0.0,1.762,0.078,-0.0,0.0,NMNAT1,NMNAT1_Asn273Asp
0.0,0.0,23.514,0.0,0.0,0.0,LIG4,LIG4_Thr9Ile
0.003,0.0,10.065,0.0,0.002,0.004,SH3BP2,SH3BP2_Pro418His
-0.03,0.001,-47.735,0.0,-0.032,-0.029,TAT,TAT_Arg119Trp
-0.001,0.0,-6.084,0.0,-0.001,-0.001,CTRC,CTRC_Gln178Arg
-0.003,0.001,-4.058,0.0,-0.005,-0.002,AGXT,AGXT_Arg301Cys
-0.011,0.003,-3.642,0.0,-0.017,-0.005,KLHL3,KLHL3_Ala77Glu
0.003,0.0,6.389,0.0,0.002,0.003,COMP,COMP_Thr585Lys
-0.012,0.001,-13.611,0.0,-0.014,-0.01,DCX,DCX_Pro191Arg
-0.01,0.001,-13.198,0.0,-0.012,-0.009,MVK,MVK_Tyr116His
-0.0,0.0,-2.451,0.014,-0.0,-0.0,SNIP1,SNIP1_Arg116Gln
-0.001,0.0,-5.671,0.0,-0.001,-0.001,KRT86,KRT86_Ala118Glu
-0.03,0.001,-40.356,0.0,-0.031,-0.028,TAT,TAT_Arg433Trp
-0.002,0.0,-5.783,0.0,-0.003,-0.002,ORC6,ORC6_Tyr232Ser
0.005,0.001,6.076,0.0,0.004,0.007,AGXT,AGXT_Arg111Gln
-0.02,0.002,-12.711,0.0,-0.023,-0.017,AIPL1,AIPL1_Arg302Leu
0.001,0.0,3.671,0.0,0.0,0.001,FADD,FADD_Cys105Trp
0.0,0.0,2.192,0.028,0.0,0.001,KRT6A,KRT6A_Ser176Pro
0.0,0.0,0.291,0.771,-0.0,0.0,KRT2,KRT2_Gly219Asp
0.003,0.0,8.86,0.0,0.003,0.004,NCF2,NCF2_Asn448Asp
-0.035,0.001,-57.915,0.0,-0.036,-0.034,PMP22,PMP22_Asp37Val
0.001,0.0,5.29,0.0,0.001,0.002,STAR,STAR_Val187Met
0.001,0.001,1.834,0.067,-0.0,0.002,UBQLN2,UBQLN2_Pro525Ser
-0.014,0.001,-25.802,0.0,-0.015,-0.013,TH,TH_Pro121Leu
-0.002,0.001,-3.095,0.002,-0.003,-0.001,PMP22,PMP22_Ala135Thr
0.001,0.0,3.953,0.0,0.001,0.002,PLA2G6,PLA2G6_Thr585Ile
-0.007,0.001,-10.279,0.0,-0.008,-0.006,TH,TH_Pro218Leu
0.001,0.0,4.016,0.0,0.0,0.001,DES,DES_Leu274Pro
-0.012,0.001,-9.268,0.0,-0.014,-0.009,FBP1,FBP1_Asn273Ser
-0.005,0.001,-7.855,0.0,-0.006,-0.004,HPRT1,HPRT1_Asp194Asn
-0.001,0.0,-6.163,0.0,-0.002,-0.001,MYOZ2,MYOZ2_Ser48Pro
0.0,0.0,0.889,0.374,-0.0,0.0,PDGFRB,PDGFRB_Pro660Thr
-0.002,0.001,-2.277,0.023,-0.003,-0.0,AGXT,AGXT_Arg118Cys
0.015,0.001,11.598,0.0,0.012,0.017,TPK1,TPK1_Asn50His
-0.002,0.0,-5.573,0.0,-0.002,-0.001,ACSF3,ACSF3_Met266Val
0.0,0.0,3.885,0.0,0.0,0.0,IL2RG,IL2RG_Arg285Gln
0.002,0.001,4.499,0.0,0.001,0.003,CHN1,CHN1_Glu313Lys
-0.01,0.001,-15.024,0.0,-0.012,-0.009,AGXT,AGXT_Ser221Pro
0.002,0.0,4.988,0.0,0.001,0.002,COMP,COMP_Thr529Ile
0.024,0.002,13.934,0.0,0.021,0.027,GALE,GALE_Arg239Trp
0.001,0.001,1.358,0.175,-0.0,0.002,HBD,HBD_Leu89Val
-0.001,0.0,-9.02,0.0,-0.002,-0.001,DES,DES_Thr445Ala
0.0,0.0,2.248,0.025,0.0,0.0,NEUROG3,NEUROG3_Arg107Ser
0.003,0.0,8.711,0.0,0.003,0.004,NCF2,NCF2_Val297Ala
-0.005,0.0,-13.459,0.0,-0.005,-0.004,PYGL,PYGL_Glu673Lys
0.001,0.001,1.133,0.257,-0.001,0.003,MVK,MVK_Val5Ala
-0.002,0.0,-14.58,0.0,-0.002,-0.002,DES,DES_Leu338Arg
0.005,0.001,5.502,0.0,0.003,0.007,AGXT,AGXT_Arg381Lys
-0.019,0.001,-21.426,0.0,-0.021,-0.017,DCX,DCX_Tyr125His
0.002,0.0,4.433,0.0,0.001,0.003,NCF2,NCF2_Arg188Lys
0.002,0.0,5.184,0.0,0.001,0.002,PKP2,PKP2_Lys724Thr
-0.015,0.0,-31.517,0.0,-0.016,-0.014,PMP22,PMP22_Leu16Pro
-0.0,0.0,-1.248,0.212,-0.0,0.0,SIX1,SIX1_Val106Gly
-0.003,0.001,-5.134,0.0,-0.004,-0.002,CHN1,CHN1_Pro252Ser
-0.001,0.0,-3.18,0.001,-0.002,-0.0,HBD,HBD_Arg105Ser
-0.003,0.0,-6.496,0.0,-0.004,-0.002,POLR1C,POLR1C_Arg279Gln
0.0,0.001,0.565,0.572,-0.001,0.002,AGXT,AGXT_Gly161Ser
0.001,0.0,4.079,0.0,0.001,0.002,PKP2,PKP2_Asn513Asp
-0.009,0.0,-22.581,0.0,-0.01,-0.008,PYGL,PYGL_Asn632Ile
0.0,0.0,0.06,0.953,-0.0,0.0,DES,DES_Leu136Pro
0.016,0.001,12.856,0.0,0.013,0.018,AGXT,AGXT_Pro10Ala
-0.012,0.001,-10.586,0.0,-0.015,-0.01,FBP1,FBP1_Arg218Lys
0.002,0.001,3.053,0.002,0.001,0.004,AGXT,AGXT_Ser218Leu
-0.001,0.0,-4.482,0.0,-0.002,-0.001,COMP,COMP_Gly207Asp
-0.006,0.0,-37.396,0.0,-0.006,-0.006,COMP,COMP_Arg718Pro
-0.003,0.0,-10.969,0.0,-0.004,-0.003,NCF2,NCF2_Ala140Asp
-0.004,0.001,-6.257,0.0,-0.005,-0.003,TH,TH_Val468Met
0.002,0.0,10.284,0.0,0.001,0.002,DES,DES_Arg278Pro
0.002,0.0,5.935,0.0,0.002,0.003,NCF2,NCF2_Asp93Glu
0.0,0.0,3.951,0.0,0.0,0.001,ALAS2,ALAS2_Arg374Cys
-0.014,0.001,-25.091,0.0,-0.015,-0.013,TH,TH_Glu250Gln
0.0,0.0,0.189,0.85,-0.0,0.0,THAP1,THAP1_Val193Ile
-0.001,0.0,-9.703,0.0,-0.002,-0.001,DES,DES_His243Tyr
0.003,0.0,7.557,0.0,0.002,0.003,SMAD3,SMAD3_Ile87Thr
0.002,0.0,11.32,0.0,0.002,0.003,DES,DES_Val126Leu
-0.002,0.0,-6.812,0.0,-0.002,-0.001,ACSF3,ACSF3_Arg558Trp
0.001,0.0,1.494,0.135,-0.0,0.001,PKP2,PKP2_Leu394His
0.005,0.001,5.794,0.0,0.003,0.006,AGXT,AGXT_Gly41Arg
0.001,0.0,1.518,0.129,-0.0,0.001,COMP,COMP_Asp511Glu
0.006,0.001,9.567,0.0,0.005,0.007,COMP,COMP_Cys348Arg
-0.014,0.001,-14.014,0.0,-0.016,-0.012,TTPA,TTPA_Asp64Gly
-0.001,0.0,-8.643,0.0,-0.002,-0.001,DES,DES_Gly44Ser
-0.003,0.0,-17.097,0.0,-0.003,-0.003,ACSF3,ACSF3_Ser431Tyr
0.003,0.0,8.23,0.0,0.002,0.004,PLA2G6,PLA2G6_Val310Glu
0.005,0.0,20.055,0.0,0.005,0.006,GRN,GRN_Cys105Arg
-0.001,0.0,-4.479,0.0,-0.001,-0.001,WRAP53,WRAP53_Arg398Trp
0.002,0.0,3.948,0.0,0.001,0.003,PKP2,PKP2_Leu360Pro
-0.0,0.0,-13.668,0.0,-0.001,-0.0,THAP1,THAP1_His23Pro
-0.009,0.0,-18.741,0.0,-0.009,-0.008,PYGL,PYGL_Asp634His
0.006,0.001,11.32,0.0,0.005,0.007,COMP,COMP_Asp319Val
-0.017,0.001,-28.214,0.0,-0.018,-0.016,AGXT,AGXT_Ile279Met
0.007,0.001,7.729,0.0,0.005,0.009,AGXT,AGXT_Phe152Ile
-0.021,0.001,-17.225,0.0,-0.023,-0.019,KRT8,KRT8_Arg454Cys
-0.05,0.003,-16.12,0.0,-0.056,-0.044,KLHL3,KLHL3_Cys164Phe
0.003,0.001,2.484,0.013,0.001,0.005,DCX,DCX_Arg89Gly
-0.005,0.001,-10.033,0.0,-0.007,-0.004,HPRT1,HPRT1_Pro176Leu
-0.003,0.001,-4.088,0.0,-0.004,-0.001,HPRT1,HPRT1_Asp201Gly
-0.002,0.0,-10.215,0.0,-0.002,-0.002,DES,DES_Tyr331Asn
0.008,0.002,4.602,0.0,0.004,0.011,GAMT,GAMT_Asp219Asn
0.002,0.001,3.173,0.002,0.001,0.004,TH,TH_Glu27Asp
-0.001,0.0,-3.362,0.001,-0.001,-0.0,TUFM,TUFM_Arg339Gln
-0.001,0.0,-1.438,0.15,-0.001,0.0,DES,DES_Ser424Phe
-0.004,0.0,-22.545,0.0,-0.004,-0.003,SH3BP2,SH3BP2_Gly420Glu
0.0,0.0,24.802,0.0,0.0,0.0,LIG4,LIG4_Ala857Thr
-0.0,0.0,-5.289,0.0,-0.0,-0.0,PGBD1,PGBD1_His806Asp
-0.009,0.001,-8.872,0.0,-0.011,-0.007,TTPA,TTPA_Ala120Thr
0.011,0.001,15.813,0.0,0.01,0.012,KCTD1,KCTD1_Gly62Asp
-0.001,0.0,-4.076,0.0,-0.001,-0.0,DES,DES_Arg16Cys
-0.019,0.001,-17.014,0.0,-0.021,-0.017,EFHC1,EFHC1_Cys259Tyr
0.0,0.0,5.342,0.0,0.0,0.0,IRAK4,IRAK4_Ala428Thr
0.049,0.001,48.58,0.0,0.047,0.051,SFTPC,SFTPC_Ile73Thr
-0.002,0.0,-8.869,0.0,-0.002,-0.001,ACSF3,ACSF3_Arg471Trp
0.0,0.0,1.318,0.187,-0.0,0.0,TEAD2,TEAD2_Pro213Ser
0.0,0.0,1.371,0.17,-0.0,0.0,SIX1,SIX1_Tyr129Cys
-0.002,0.0,-8.229,0.0,-0.002,-0.001,ACSF3,ACSF3_Pro243Leu
-0.003,0.0,-18.074,0.0,-0.003,-0.003,NAA10,NAA10_Arg195Cys
-0.001,0.0,-4.873,0.0,-0.001,-0.0,DES,DES_Gly84Ser
-0.002,0.0,-3.654,0.0,-0.002,-0.001,HBD,HBD_His147Arg
-0.001,0.001,-0.985,0.325,-0.002,0.001,TH,TH_Ile209Met
0.002,0.0,7.846,0.0,0.001,0.002,PLA2G6,PLA2G6_Arg600Gln
-0.001,0.0,-7.067,0.0,-0.001,-0.001,DES,DES_Ala397Thr
0.004,0.001,6.054,0.0,0.003,0.006,SFTPC,SFTPC_Val39Leu
-0.004,0.001,-6.268,0.0,-0.005,-0.003,CORO1A,CORO1A_Val397Ile
-0.006,0.001,-6.396,0.0,-0.008,-0.004,DCX,DCX_Thr203Ala
-0.007,0.0,-50.387,0.0,-0.007,-0.006,EIF2B4,EIF2B4_Ala228Val
-0.011,0.001,-15.159,0.0,-0.012,-0.01,AGXT,AGXT_Ser187Phe
0.005,0.001,7.958,0.0,0.003,0.006,KCTD1,KCTD1_Ala30Glu
-0.003,0.0,-12.726,0.0,-0.003,-0.002,KRT4,KRT4_Glu449Lys
-0.009,0.0,-30.619,0.0,-0.01,-0.009,RP2,RP2_Arg118Leu
-0.016,0.001,-20.771,0.0,-0.017,-0.014,MVK,MVK_Leu255Pro
-0.0,0.0,-1.045,0.296,-0.0,0.0,KRT2,KRT2_Glu488Lys
-0.004,0.001,-7.396,0.0,-0.006,-0.003,FXN,FXN_Trp173Gly
-0.001,0.0,-5.328,0.0,-0.002,-0.001,TTR,TTR_Gly26Ser
0.002,0.0,6.381,0.0,0.002,0.003,RP2,RP2_Arg282Trp
0.008,0.001,8.23,0.0,0.006,0.009,AGXT,AGXT_Asn22Ser
-0.002,0.0,-5.194,0.0,-0.003,-0.002,PYGL,PYGL_Asp629Tyr
-0.0,0.0,-0.874,0.382,-0.001,0.0,HBD,HBD_Arg117His
-0.0,0.001,-0.373,0.709,-0.002,0.001,TH,TH_Arg89Arg
0.004,0.001,3.992,0.0,0.002,0.006,MVK,MVK_Pro165Leu
0.0,0.0,4.275,0.0,0.0,0.0,SUCLA2,SUCLA2_Pro230Ser
-0.013,0.001,-24.98,0.0,-0.014,-0.012,HPRT1,HPRT1_Leu41Pro
-0.002,0.0,-11.556,0.0,-0.002,-0.002,DES,DES_Arg212Gln
0.0,0.0,1.124,0.261,-0.0,0.001,GRN,GRN_Ala324Thr
-0.0,0.0,-2.371,0.018,-0.0,-0.0,NFU1,NFU1_Gly208Cys
0.002,0.001,2.421,0.015,0.0,0.004,MVK,MVK_Asp386Asn
0.009,0.001,7.425,0.0,0.007,0.011,MVK,MVK_Arg388Gln
0.001,0.0,2.701,0.007,0.0,0.001,DES,DES_Tyr122Asp
-0.012,0.001,-16.4,0.0,-0.014,-0.011,AGXT,AGXT_Ile202Asn
-0.009,0.001,-9.649,0.0,-0.011,-0.007,PNPO,PNPO_Arg116Gln
0.0,0.0,0.699,0.485,-0.0,0.0,ALAS2,ALAS2_Phe128Leu
-0.002,0.0,-11.171,0.0,-0.002,-0.002,DES,DES_Val56Leu
-0.003,0.001,-6.063,0.0,-0.004,-0.002,TH,TH_Ile219Thr
-0.006,0.0,-25.709,0.0,-0.007,-0.006,ASNS,ASNS_Ala6Glu
0.001,0.0,9.003,0.0,0.001,0.001,KRT6A,KRT6A_Leu170Phe
0.006,0.001,5.169,0.0,0.004,0.009,DCX,DCX_Arg186His
-0.001,0.0,-6.457,0.0,-0.002,-0.001,MYOZ2,MYOZ2_Ile246Met
0.001,0.0,3.102,0.002,0.0,0.002,SH3BP2,SH3BP2_Pro418Leu
-0.0,0.0,-10.288,0.0,-0.0,-0.0,NMNAT1,NMNAT1_Arg237Leu
-0.005,0.001,-7.652,0.0,-0.006,-0.003,PMP22,PMP22_Arg157Trp
-0.0,0.0,-3.091,0.002,-0.0,-0.0,NMNAT1,NMNAT1_Ser255Asn
0.007,0.001,11.23,0.0,0.006,0.008,COMP,COMP_Asp271His
-0.003,0.001,-4.265,0.0,-0.004,-0.001,TH,TH_Gln381Lys
0.001,0.001,1.231,0.218,-0.001,0.002,TH,TH_Arg133His
-0.002,0.0,-13.994,0.0,-0.002,-0.002,DES,DES_Arg350Pro
-0.001,0.001,-0.747,0.455,-0.002,0.001,MVK,MVK_Pro200Ser
-0.0,0.0,-1.323,0.186,-0.0,0.0,SDC3,SDC3_Asp231Asn
-0.028,0.003,-10.024,0.0,-0.034,-0.023,KLHL3,KLHL3_Met78Val
0.008,0.001,6.276,0.0,0.005,0.01,MVK,MVK_Arg106His
-0.0,0.0,-6.119,0.0,-0.0,-0.0,PGBD1,PGBD1_Ile678Val
-0.002,0.001,-4.182,0.0,-0.004,-0.001,UBQLN2,UBQLN2_Pro497Ser
0.002,0.0,7.196,0.0,0.002,0.003,SH3BP2,SH3BP2_Arg415Gln
-0.001,0.0,-3.432,0.001,-0.002,-0.001,HBD,HBD_Asp100Asn
-0.003,0.001,-5.183,0.0,-0.004,-0.002,TH,TH_Cys328Phe
-0.0,0.0,-0.005,0.996,-0.0,0.0,SNIP1,SNIP1_Ala174Val
0.001,0.0,4.38,0.0,0.0,0.001,RAB33B,RAB33B_Lys46Gln
-0.0,0.0,-3.991,0.0,-0.001,-0.0,KRT6A,KRT6A_Ile462Asn
0.002,0.002,1.199,0.231,-0.002,0.006,AIPL1,AIPL1_Thr114Ile
-0.001,0.0,-2.5,0.012,-0.002,-0.0,HBD,HBD_Asn13Lys
-0.001,0.0,-8.85,0.0,-0.002,-0.001,FA2H,FA2H_Phe144Ser
-0.002,0.0,-12.023,0.0,-0.002,-0.001,DES,DES_Ala357Pro
-0.004,0.0,-14.872,0.0,-0.005,-0.004,TTR,TTR_Asp119Asn
-0.011,0.001,-14.092,0.0,-0.013,-0.01,AGXT,AGXT_Asp201Asn
-0.007,0.001,-14.117,0.0,-0.008,-0.006,HPRT1,HPRT1_Asp80Val
-0.002,0.0,-4.117,0.0,-0.002,-0.001,HBD,HBD_Asn58Lys
0.013,0.001,9.312,0.0,0.01,0.016,MVK,MVK_Ile268Val
-0.001,0.0,-3.397,0.001,-0.001,-0.0,STAR,STAR_Arg182His
0.002,0.001,3.207,0.001,0.001,0.003,UBQLN2,UBQLN2_Pro509Ser
-0.001,0.0,-2.571,0.01,-0.001,-0.0,MYOZ2,MYOZ2_Gln10Pro
-0.001,0.0,-7.368,0.0,-0.002,-0.001,DES,DES_Asp343Asn
-0.002,0.0,-8.135,0.0,-0.003,-0.002,LRRC6,LRRC6_Ala74Pro
-0.007,0.001,-10.447,0.0,-0.009,-0.006,HPRT1,HPRT1_His204Asp
0.0,0.0,1.824,0.068,-0.0,0.0,PGBD1,PGBD1_Pro256Leu
-0.004,0.001,-4.305,0.0,-0.006,-0.002,DCX,DCX_Lys50Asn
-0.009,0.001,-11.473,0.0,-0.011,-0.007,DCX,DCX_Ile214Thr
0.001,0.0,3.687,0.0,0.001,0.002,PKP2,PKP2_Ser571Thr
-0.0,0.0,-0.179,0.858,-0.001,0.001,DES,DES_Thr219Ile
-0.008,0.001,-7.568,0.0,-0.01,-0.006,GMPPB,GMPPB_Pro32Leu
-0.001,0.0,-1.578,0.114,-0.001,0.0,DES,DES_Ala135Val
-0.002,0.001,-2.983,0.003,-0.003,-0.001,CHN1,CHN1_Ile126Met
-0.001,0.0,-4.956,0.0,-0.001,-0.001,GLYCTK,GLYCTK_Thr394Ile
0.004,0.001,4.558,0.0,0.002,0.006,AGXT,AGXT_Ala295Thr
0.001,0.0,9.394,0.0,0.001,0.002,KRT6A,KRT6A_Asn171Asp
-0.005,0.0,-10.844,0.0,-0.006,-0.004,PYGL,PYGL_Leu739Met
0.0,0.0,13.819,0.0,0.0,0.0,CDC73,CDC73_Met1Ile
-0.0,0.0,-2.485,0.013,-0.0,-0.0,NMNAT1,NMNAT1_Leu153Val
-0.012,0.001,-17.232,0.0,-0.014,-0.011,AGXT,AGXT_Leu298Pro
-0.0,0.0,-9.422,0.0,-0.0,-0.0,THAP1,THAP1_Gly9Cys
-0.004,0.001,-5.937,0.0,-0.005,-0.002,HPRT1,HPRT1_Ile132Met
-0.002,0.0,-43.519,0.0,-0.002,-0.002,POMT1,POMT1_Trp560Cys
0.023,0.001,16.564,0.0,0.02,0.026,KCTD7,KCTD7_Asn273Ile
0.003,0.0,7.711,0.0,0.002,0.003,PLA2G6,PLA2G6_Glu567Lys
0.018,0.002,11.876,0.0,0.015,0.022,GALE,GALE_Leu313Met
-0.004,0.001,-5.081,0.0,-0.005,-0.002,AGXT,AGXT_Met195Leu
-0.005,0.001,-5.169,0.0,-0.007,-0.003,MVK,MVK_Thr209Ala
0.008,0.001,6.72,0.0,0.006,0.011,MVK,MVK_Val250Ile
-0.002,0.0,-4.221,0.0,-0.003,-0.001,ACSF3,ACSF3_Gly119Asp
-0.003,0.001,-5.101,0.0,-0.004,-0.002,TH,TH_Leu205Pro
0.005,0.001,8.039,0.0,0.004,0.006,PYGL,PYGL_Asn339Ser
0.001,0.0,1.761,0.078,-0.0,0.001,PKP2,PKP2_Gly68Ser
-0.012,0.001,-14.346,0.0,-0.014,-0.011,DCX,DCX_Arg59His
-0.009,0.0,-21.035,0.0,-0.009,-0.008,PYGL,PYGL_Lys681Thr
0.002,0.0,4.693,0.0,0.001,0.003,RP2,RP2_Arg118His
-0.011,0.001,-12.884,0.0,-0.013,-0.009,PNPO,PNPO_Arg95His
-0.003,0.0,-8.043,0.0,-0.003,-0.002,GYG1,GYG1_Ala16Thr
0.001,0.0,7.631,0.0,0.001,0.001,KRT6A,KRT6A_Glu472Lys
0.0,0.0,5.032,0.0,0.0,0.0,XPA,XPA_Cys108Phe
0.001,0.0,4.909,0.0,0.0,0.001,KRT6A,KRT6A_Asn171Ser
-0.0,0.0,-1.822,0.068,-0.001,0.0,KRT6A,KRT6A_Gln166Pro
-0.007,0.001,-8.135,0.0,-0.008,-0.005,DCX,DCX_Arg102Cys
-0.02,0.001,-16.934,0.0,-0.022,-0.017,EFHC1,EFHC1_Asp210Asn
0.005,0.001,3.811,0.0,0.002,0.007,DCX,DCX_Arg78His
-0.001,0.001,-1.648,0.099,-0.003,0.0,AGXT,AGXT_Gly41Glu
-0.009,0.001,-14.018,0.0,-0.01,-0.007,SFTPC,SFTPC_His59Arg
-0.001,0.0,-4.147,0.0,-0.001,-0.0,KRT86,KRT86_Asn114Asp
-0.002,0.001,-2.604,0.009,-0.004,-0.001,MVK,MVK_His20Gln
0.005,0.001,4.166,0.0,0.002,0.007,MVK,MVK_His20Pro
0.0,0.0,2.751,0.006,0.0,0.0,GATA2,GATA2_Cys373Arg
-0.001,0.001,-1.151,0.25,-0.003,0.001,MVK,MVK_Val80Ile
0.001,0.0,12.86,0.0,0.001,0.001,IL2RG,IL2RG_Trp237Arg
0.0,0.0,1.313,0.189,-0.0,0.001,PKP2,PKP2_Glu380Lys
-0.003,0.0,-16.303,0.0,-0.003,-0.002,AMPD2,AMPD2_Glu697Asp
0.003,0.0,10.293,0.0,0.003,0.004,COMP,COMP_Asp605Asn
0.006,0.001,5.673,0.0,0.004,0.008,MVK,MVK_Cys101Tyr
0.011,0.001,9.821,0.0,0.009,0.013,PKP2,PKP2_Arg101His
0.001,0.001,1.096,0.273,-0.001,0.003,AGXT,AGXT_Ala210Pro
0.003,0.0,12.208,0.0,0.003,0.004,EMD,EMD_Met1Val
-0.001,0.0,-8.253,0.0,-0.002,-0.001,DES,DES_Arg227Cys
-0.0,0.0,-0.248,0.804,-0.001,0.001,HBD,HBD_Glu27Asp
0.001,0.0,2.342,0.019,0.0,0.001,COMP,COMP_His587Arg
0.013,0.001,16.307,0.0,0.011,0.015,SFTPC,SFTPC_Leu188Gln
-0.004,0.001,-6.13,0.0,-0.005,-0.003,TH,TH_Pro2Leu
0.002,0.001,1.911,0.056,-0.0,0.004,FTH1,FTH1_Lys54Arg
-0.002,0.0,-5.903,0.0,-0.003,-0.001,HBD,HBD_Leu142Pro
-0.003,0.001,-5.851,0.0,-0.004,-0.002,COMP,COMP_His441Arg
-0.003,0.0,-28.53,0.0,-0.003,-0.003,DES,DES_Ala337Pro
-0.001,0.0,-10.262,0.0,-0.002,-0.001,DES,DES_Arg222His
0.005,0.001,6.286,0.0,0.003,0.007,KCTD1,KCTD1_His74Pro
-0.007,0.001,-12.533,0.0,-0.008,-0.006,PMP22,PMP22_Arg157Gly
-0.009,0.001,-10.093,0.0,-0.01,-0.007,DCX,DCX_Arg78Cys
-0.002,0.001,-2.581,0.01,-0.004,-0.0,TH,TH_Thr7Pro
-0.003,0.0,-6.744,0.0,-0.004,-0.002,KCTD1,KCTD1_His33Gln
0.001,0.0,4.855,0.0,0.001,0.002,RASA1,RASA1_Glu70Gly
-0.001,0.0,-8.057,0.0,-0.002,-0.001,DES,DES_Ala213Val
-0.001,0.001,-1.43,0.153,-0.003,0.0,AGXT,AGXT_Lys12Arg
-0.001,0.0,-3.593,0.0,-0.002,-0.001,DES,DES_Thr453Ile
-0.019,0.001,-15.102,0.0,-0.022,-0.017,EFHC1,EFHC1_Phe229Leu
0.002,0.0,3.818,0.0,0.001,0.002,COMP,COMP_Thr585Met
-0.001,0.0,-3.498,0.0,-0.002,-0.0,GYG1,GYG1_Arg33Lys
-0.01,0.001,-11.511,0.0,-0.012,-0.009,PNPO,PNPO_Arg95Cys
0.003,0.0,10.102,0.0,0.002,0.004,SH3BP2,SH3BP2_Pro418Arg
-0.002,0.0,-12.27,0.0,-0.002,-0.001,KRT86,KRT86_Glu413Lys
0.004,0.001,2.867,0.004,0.001,0.006,FBP1,FBP1_Asn213Lys
-0.002,0.0,-8.418,0.0,-0.003,-0.002,KCTD7,KCTD7_Arg94Trp
0.009,0.001,8.969,0.0,0.007,0.011,LDHB,LDHB_Arg172His
-0.001,0.0,-2.223,0.026,-0.001,-0.0,EIF2B4,EIF2B4_Arg306Gly
-0.003,0.0,-17.176,0.0,-0.003,-0.002,DES,DES_Asn342Asp
-0.001,0.001,-0.999,0.318,-0.002,0.001,POLR1C,POLR1C_Arg279Trp
-0.003,0.0,-10.894,0.0,-0.003,-0.002,KCTD7,KCTD7_Asp115Tyr
0.009,0.001,13.91,0.0,0.007,0.01,KCTD1,KCTD1_His33Pro
0.001,0.0,13.86,0.0,0.001,0.001,IL2RG,IL2RG_Ser108Pro
-0.023,0.001,-17.831,0.0,-0.025,-0.02,FBP1,FBP1_Phe194Ser
0.003,0.001,2.241,0.025,0.0,0.006,FBP1,FBP1_Met289Leu
0.002,0.0,3.954,0.0,0.001,0.003,KCTD1,KCTD1_Val248Ile
-0.003,0.001,-5.445,0.0,-0.004,-0.002,TH,TH_Arg202His
0.002,0.001,2.888,0.004,0.001,0.003,DES,DES_Arg127Pro
-0.003,0.001,-4.707,0.0,-0.004,-0.002,TH,TH_Arg306His
-0.0,0.0,-5.165,0.0,-0.0,-0.0,NEUROG3,NEUROG3_Phe199Ser
-0.027,0.002,-17.001,0.0,-0.03,-0.024,GSS,GSS_Arg283Cys
-0.004,0.001,-4.221,0.0,-0.006,-0.002,DCX,DCX_Ala251Ser
-0.002,0.0,-18.559,0.0,-0.002,-0.001,IER3IP1,IER3IP1_Leu78Pro
-0.001,0.0,-6.529,0.0,-0.001,-0.001,DES,DES_Ser46Tyr
-0.001,0.0,-3.187,0.001,-0.001,-0.0,MIP,MIP_Val67Ile
-0.001,0.001,-1.021,0.307,-0.003,0.001,BCL10,BCL10_Leu8Leu
-0.018,0.002,-11.813,0.0,-0.021,-0.015,AIPL1,AIPL1_Met79Thr
0.002,0.0,11.355,0.0,0.001,0.002,KRT6A,KRT6A_Arg164Pro
0.001,0.0,2.917,0.004,0.0,0.002,COMP,COMP_Thr585Arg
0.001,0.0,1.932,0.053,-0.0,0.001,PKP2,PKP2_Met365Val
0.001,0.0,5.265,0.0,0.001,0.001,DES,DES_Glu413Lys
-0.001,0.0,-14.822,0.0,-0.001,-0.001,POMT1,POMT1_Ala200Pro
-0.0,0.0,-2.336,0.019,-0.0,-0.0,NEUROG3,NEUROG3_Gly167Arg
0.0,0.0,0.313,0.754,-0.0,0.0,POMT1,POMT1_Ser515Arg
0.0,0.0,1.242,0.214,-0.0,0.0,DOLK,DOLK_Tyr441Ser
-0.004,0.001,-7.145,0.0,-0.005,-0.003,FXN,FXN_Gly130Val
0.008,0.0,22.867,0.0,0.007,0.009,SMN2,SMN2_Gly287Arg
-0.001,0.0,-8.248,0.0,-0.001,-0.001,DES,DES_His441Leu
-0.011,0.003,-3.751,0.0,-0.017,-0.005,KLHL3,KLHL3_Glu85Ala
-0.019,0.001,-17.583,0.0,-0.021,-0.017,DCX,DCX_Ser129Leu
0.002,0.001,3.312,0.001,0.001,0.003,PYGL,PYGL_Thr59Met
-0.002,0.0,-10.816,0.0,-0.003,-0.002,RAD51D,RAD51D_Glu233Gly
0.002,0.0,11.769,0.0,0.001,0.002,KRT6A,KRT6A_Ile178Asn
-0.0,0.0,-4.335,0.0,-0.0,-0.0,THAP1,THAP1_Lys24Glu
-0.002,0.0,-10.643,0.0,-0.002,-0.001,DES,DES_Gln131Lys
0.008,0.001,6.642,0.0,0.005,0.01,MVK,MVK_Val293Met
-0.007,0.001,-8.318,0.0,-0.009,-0.006,DCX,DCX_Thr203Arg
-0.001,0.0,-7.129,0.0,-0.001,-0.001,DES,DES_Arg37Trp
-0.001,0.0,-7.958,0.0,-0.001,-0.001,KRT6A,KRT6A_Leu468Gln
-0.003,0.001,-3.791,0.0,-0.005,-0.001,AGXT,AGXT_Ala280Val
0.0,0.0,1.444,0.149,-0.0,0.0,NMNAT1,NMNAT1_Arg207Trp
-0.003,0.0,-42.076,0.0,-0.004,-0.003,SMAD1,SMAD1_Val3Ala
-0.03,0.001,-49.291,0.0,-0.031,-0.029,TAT,TAT_Leu273Pro
-0.0,0.0,-4.768,0.0,-0.0,-0.0,POMT1,POMT1_Ala647Thr
0.002,0.001,1.504,0.132,-0.001,0.004,DCX,DCX_Arg196Cys
0.002,0.001,2.245,0.025,0.0,0.005,DCX,DCX_Ala71Ser
-0.0,0.001,-0.477,0.633,-0.002,0.001,HPRT1,HPRT1_Gly70Glu
-0.0,0.0,-2.355,0.019,-0.0,-0.0,PGBD1,PGBD1_Gln248Glu
0.0,0.0,0.532,0.595,-0.001,0.001,HBD,HBD_Pro37His
0.001,0.0,6.953,0.0,0.001,0.001,KRT6A,KRT6A_Glu461Lys
0.001,0.0,2.695,0.007,0.0,0.001,STAR,STAR_Arg188Cys
-0.004,0.002,-2.215,0.027,-0.007,-0.0,GSS,GSS_Arg125Cys
-0.008,0.001,-10.218,0.0,-0.01,-0.006,MVK,MVK_Asn205Asp
0.003,0.001,4.112,0.0,0.001,0.004,SFTPC,SFTPC_Val48Met
-0.004,0.0,-11.462,0.0,-0.004,-0.003,TTR,TTR_Lys146Arg
0.014,0.001,10.69,0.0,0.011,0.016,MVK,MVK_Pro286Leu
-0.016,0.001,-12.678,0.0,-0.019,-0.014,KRT8,KRT8_Gly434Ser
-0.0,0.0,-0.59,0.555,-0.0,0.0,GATA2,GATA2_Pro41Ala
0.0,0.0,2.511,0.012,0.0,0.0,PDGFRB,PDGFRB_Leu658Pro
-0.002,0.0,-8.198,0.0,-0.003,-0.002,LRRC6,LRRC6_Asp146His
0.012,0.001,14.645,0.0,0.01,0.013,SFTPC,SFTPC_Ala116Asp
0.011,0.001,10.79,0.0,0.009,0.013,LDHB,LDHB_Trp325Arg
-0.0,0.0,-5.104,0.0,-0.001,-0.0,XRCC2,XRCC2_Phe270Val
-0.02,0.001,-15.726,0.0,-0.022,-0.017,EFHC1,EFHC1_Asp253Tyr
-0.007,0.001,-7.345,0.0,-0.009,-0.005,GMPPB,GMPPB_Asp27His
0.001,0.0,2.356,0.018,0.0,0.002,PLA2G6,PLA2G6_Leu481Gln
0.003,0.001,5.664,0.0,0.002,0.004,PKP2,PKP2_Arg413Gln
-0.027,0.0,-61.967,0.0,-0.028,-0.026,PMP22,PMP22_Cys109Arg
-0.01,0.001,-19.547,0.0,-0.011,-0.009,HPRT1,HPRT1_Asp177Tyr
-0.001,0.0,-2.562,0.01,-0.002,-0.0,HBD,HBD_Glu44Gly
0.001,0.001,1.873,0.061,-0.0,0.003,TH,TH_Val136Met
0.014,0.001,16.197,0.0,0.012,0.016,SFTPC,SFTPC_Leu194Pro
-0.013,0.001,-22.355,0.0,-0.014,-0.011,HPRT1,HPRT1_Arg45Lys
0.004,0.001,5.36,0.0,0.003,0.006,LDHB,LDHB_Lys7Glu
-0.013,0.0,-39.973,0.0,-0.014,-0.013,RP2,RP2_Leu253Arg
-0.001,0.0,-7.075,0.0,-0.001,-0.0,PSAP,PSAP_Met76Lys
0.0,0.0,0.747,0.455,-0.0,0.001,COMP,COMP_Asn555Lys
-0.001,0.001,-1.166,0.244,-0.003,0.001,AGXT,AGXT_Ala248Val
-0.001,0.001,-1.037,0.3,-0.002,0.001,UBQLN2,UBQLN2_Pro506Thr
-0.014,0.001,-10.479,0.0,-0.016,-0.011,GMPPB,GMPPB_Pro22Ser
0.001,0.0,6.434,0.0,0.001,0.001,KRT6A,KRT6A_Val523Phe
-0.004,0.0,-17.243,0.0,-0.005,-0.004,HBD,HBD_Gly26Asp
-0.007,0.001,-11.586,0.0,-0.008,-0.006,UROD,UROD_Gly318Arg
0.002,0.0,8.135,0.0,0.002,0.003,PLA2G6,PLA2G6_Arg538Cys
0.001,0.0,8.435,0.0,0.0,0.001,SNIP1,SNIP1_Glu366Gly
-0.003,0.001,-2.601,0.009,-0.004,-0.001,MVK,MVK_Pro167Leu
-0.0,0.0,-1.942,0.052,-0.0,0.0,KRT6A,KRT6A_Asn171Thr
0.001,0.0,4.683,0.0,0.001,0.002,GRN,GRN_Thr182Met
0.003,0.001,4.117,0.0,0.002,0.005,LDHB,LDHB_Arg158Cys
-0.006,0.0,-22.646,0.0,-0.006,-0.005,COMP,COMP_Ala171Thr
-0.005,0.001,-5.726,0.0,-0.006,-0.003,AGXT,AGXT_Met49Leu
-0.004,0.001,-6.167,0.0,-0.005,-0.003,TH,TH_Ala226Thr
-0.017,0.001,-32.985,0.0,-0.018,-0.016,PMP22,PMP22_Leu80Pro
-0.001,0.0,-3.711,0.0,-0.001,-0.0,GLYCTK,GLYCTK_Phe493Cys
-0.0,0.0,-2.406,0.016,-0.001,-0.0,CTRC,CTRC_Arg37Gln
-0.004,0.0,-23.429,0.0,-0.004,-0.003,CRADD,CRADD_Gly128Arg
-0.002,0.0,-4.803,0.0,-0.002,-0.001,KCTD7,KCTD7_Arg184Cys
0.0,0.0,2.44,0.015,0.0,0.001,SDC3,SDC3_Val136Ile
-0.001,0.0,-1.387,0.165,-0.001,0.0,HBD,HBD_Leu76Val
-0.007,0.001,-13.352,0.0,-0.008,-0.006,HPRT1,HPRT1_Ala161Ser
-0.005,0.001,-7.234,0.0,-0.007,-0.004,GALE,GALE_Lys257Arg
-0.002,0.0,-5.077,0.0,-0.003,-0.002,PYGL,PYGL_Val456Met
-0.004,0.001,-4.003,0.0,-0.007,-0.002,TTPA,TTPA_His101Gln
-0.0,0.0,-2.719,0.007,-0.0,-0.0,ALAS2,ALAS2_Ala135Thr
-0.002,0.001,-3.476,0.001,-0.003,-0.001,HPRT1,HPRT1_Ser104Arg
0.0,0.0,0.266,0.791,-0.0,0.0,CTRC,CTRC_Arg246Cys
-0.008,0.001,-13.426,0.0,-0.009,-0.007,PYGL,PYGL_Pro382Leu
-0.0,0.0,-6.205,0.0,-0.0,-0.0,KRT2,KRT2_Asn186Tyr
-0.003,0.001,-3.313,0.001,-0.004,-0.001,AGXT,AGXT_Pro11Leu
0.0,0.001,0.468,0.64,-0.001,0.002,AGXT,AGXT_Asp129His
-0.018,0.001,-17.445,0.0,-0.02,-0.016,EFHC1,EFHC1_Ile174Val
0.0,0.0,1.358,0.175,-0.0,0.001,MIP,MIP_Val107Ile
-0.003,0.0,-18.701,0.0,-0.003,-0.002,DES,DES_Arg355Pro
0.009,0.001,7.362,0.0,0.007,0.011,MVK,MVK_Ala148Thr
0.001,0.001,0.982,0.326,-0.001,0.003,MVK,MVK_Val278Met
-0.002,0.0,-11.065,0.0,-0.002,-0.001,FA2H,FA2H_Arg143Cys
-0.003,0.0,-13.22,0.0,-0.004,-0.003,EIF2B4,EIF2B4_Ala391Asp
-0.001,0.0,-7.212,0.0,-0.001,-0.001,DES,DES_Gly20Arg
0.003,0.0,7.779,0.0,0.002,0.004,NEXN,NEXN_Arg171Cys
-0.003,0.0,-10.173,0.0,-0.003,-0.002,NCF2,NCF2_Gly44Arg
-0.0,0.0,-0.447,0.655,-0.0,0.0,CREB1,CREB1_Asp116Gly
0.0,0.0,1.941,0.052,-0.0,0.001,SFTPB,SFTPB_Ala280Thr
-0.0,0.0,-5.321,0.0,-0.001,-0.0,ALAS2,ALAS2_Ser531Gly
0.017,0.002,10.747,0.0,0.014,0.02,DCX,DCX_Lys174Glu
-0.0,0.0,-4.615,0.0,-0.0,-0.0,THAP1,THAP1_Lys89Arg
-0.0,0.0,-8.906,0.0,-0.0,-0.0,GCM2,GCM2_Gly203Ser
0.001,0.001,1.756,0.079,-0.0,0.002,PMP22,PMP22_His51Arg
-0.001,0.0,-7.882,0.0,-0.002,-0.001,DES,DES_Ala237Thr
-0.007,0.001,-12.407,0.0,-0.008,-0.006,HPRT1,HPRT1_Asp194Glu
-0.006,0.001,-5.086,0.0,-0.008,-0.004,TTPA,TTPA_Arg192His
-0.001,0.001,-0.674,0.5,-0.004,0.002,GAMT,GAMT_Ala196Val
0.004,0.001,5.64,0.0,0.003,0.006,AGXT,AGXT_Ile340Met
-0.013,0.001,-17.529,0.0,-0.014,-0.011,AGXT,AGXT_Gly161Arg
-0.008,0.001,-10.332,0.0,-0.009,-0.006,AGXT,AGXT_Ala186Val
-0.002,0.0,-11.202,0.0,-0.002,-0.001,KRT86,KRT86_Asn114His
-0.0,0.0,-1.447,0.148,-0.0,0.0,FGD4,FGD4_Arg194His
0.001,0.0,2.7,0.007,0.0,0.002,NCF2,NCF2_Asn419Ile
-0.013,0.0,-42.111,0.0,-0.014,-0.013,RP2,RP2_Cys86Tyr
-0.002,0.0,-10.613,0.0,-0.002,-0.002,DES,DES_Leu345Pro
-0.0,0.0,-3.219,0.001,-0.0,-0.0,POMT1,POMT1_Thr392Met
-0.003,0.001,-6.316,0.0,-0.004,-0.002,TH,TH_Asp267His
-0.002,0.0,-17.008,0.0,-0.003,-0.002,DES,DES_Gln389Pro
-0.0,0.0,-2.965,0.003,-0.0,-0.0,ALAS2,ALAS2_Tyr549Phe
-0.006,0.0,-17.878,0.0,-0.007,-0.006,PYGL,PYGL_Tyr821His
-0.0,0.001,-0.061,0.951,-0.002,0.002,MVK,MVK_Val377Ile
0.005,0.001,4.979,0.0,0.003,0.006,AGXT,AGXT_Pro11His
-0.005,0.001,-9.046,0.0,-0.006,-0.004,HPRT1,HPRT1_Gly140Asp
-0.01,0.002,-6.414,0.0,-0.013,-0.007,MAP2K2,MAP2K2_Thr17Ala
